PNA	sample	sequence
JVpna-14	acpP_scrambled	TCACTATCTC
JVpna-15	acpP	CTCATACTCT
Jvpna-29	acpP_PNA_mut_1	GACATACTCT
Jvpna-30	acpP_PNA_mut_2	CAGATACTCT
Jvpna-31	acpP_PNA_mut_3	CTGTTACTCT
Jvpna-32	acpP_PNA_mut_4	CTCTAACTCT
Jvpna-33	acpP_PNA_mut_5	CTCAATCTCT
Jvpna-34	acpP_PNA_mut_6	CTCATTGTCT
Jvpna-35	acpP_PNA_mut_7	CTCATAGACT
Jvpna-36	acpP_PNA_mut_8	CTCATACAGT
Jvpna-37	acpP_PNA_mut_9	CTCATACTGA
JVpna-99	KFF_rpl32	CCATGGACCT
JVpna-100	KFF_ompC	CGCATGTAGG
JVpna-101	KFF_penta	TCATGGCGTC
JVpna-102	KFF_ddlB	GCCATGTTGC
JVpna-103	KFF_ackA	CTCGACATGG
