PNA,PNA name,PNA sequence,mRNA target sequence,target(s),0 mm (off-) targets,1 mm off-targets,2 mm off-targets
JVpna-14,acpP scrambled,TCACTATCTC,,,0,7,103
JVpna-15,acpP,CTCATACTCT,AGAGTATGAG,acpP,1,11,101
Jvpna-29,acpP mm1,GACATACTCT,AGAGTATGAG,,0,8,91
Jvpna-30,acpP mm2,CAGATACTCT,AGAGTATGAG,,0,1,38
Jvpna-31,acpP mm3,CTGTTACTCT,AGAGTATGAG,,0,3,57
Jvpna-32,acpP mm4,CTCTAACTCT,AGAGTATGAG,,0,2,28
Jvpna-33,acpP mm5,CTCAATCTCT,AGAGTATGAG,,0,2,68
Jvpna-34,acpP mm6,CTCATTGTCT,AGAGTATGAG,ydhD,1,7,151
Jvpna-35,acpP mm7,CTCATAGACT,AGAGTATGAG,kup,1,3,75
Jvpna-36,acpP mm8,CTCATACAGT,AGAGTATGAG,,0,5,57
Jvpna-37,acpP mm9,CTCATACTGA,AGAGTATGAG,,0,9,84
JVpna-99,rpl32,CCATGGACCT,AGGTCCATGG,rpl32,1,0,25
JVpna-100,ompC,CGCATGTAGG,CCTACATGCG,ompC,1,2,14
JVpna-103,ackA,CTCGACATGG,CCATGTCGAG,ackA,1,4,29
JVpna-101,quarta,TCATGGCGTC,GACGCCATGA,,4,15,119
JVpna-102,ddlB,GCCATGTTGC,GCAACATGGC,ddlB,1,12,97
